SAOCOMC3_DESCENDING_TC																				SALIDAS DEL DEM				SENTINEL-2	SENTINEL_ASCENDING_TC						SENTINEL_DESCENDING_TC										
NAME	FECHA	LAYER	TIPO_FORES	SUP_m2	Alt Dom	AB	Vol M3/ha ñire	Vol m3/ha total		C11	C12r	C12i	C13r	C13i	C22	C23r	C23i	C33	ang	C11_std	C12r_std	C12i_std	C13r_std	C13i_std	C22_std	C23r_std	C23i_std	C33_std	ang_std	Elevation	LIA	PLIA	IAE	NDVI	VV	VH	ang	VV_std	VH_std	ang_std	VV	VV (gamma0)	VV (beta0)	VH	VH (gamma0)	VH (beta0)	LIA	PLIA	IAE	dif_ang	dif_LIA
CENTRO13	2018/11/26	parcela 13_14	ÑIRE	200	5.3	8	26	26	TESTIGO	0.160690367221832	-0.030486736446619	0.000360960140824318	0.0771135985851288	0.0143315512686968	0.0595133751630783	-0.0262137912213802	-0.000564396497793496	0.164149403572083	23.7146244049072	0.017023891210556	0.0027284815441817	0.0117990337312222	0.0219840258359909	0.00101681973319501	0.00347413052804768	0.00113327871076763	0.00462857028469443	0.0543829314410687	0.609490633010864	802.6552734375	23.7146244049072	23.6947822570801	27.5070896148682	0.718268811702728	0.0804144516587257	0.0230679698288441	41.6718292236328	0.000400921882828698	0.000836711085867137	0.961592793464661	0.156117126345634	0.202377438545227	0.245339274406433	0.0278436001390219	0.036094069480896	0.0437566079199314	35.1851806640625	35.1665496826172	39.5782775878906	0.150537490844702	0.9308052062988
CENTRO14	2018/11/26	parcela 13_14	ÑIRE	200	4.2	11	30	30	RALEO	0.0534323789179325	-0.00336263887584209	0.0122462213039398	0.0000588695220358204	-0.00174572563264519	0.0547873079776764	0.00191341096069664	0.00265611242502928	0.0533807575702667	23.5640869140625	0.0239099655300379	0.00585922924801707	0.00290602073073387	0.0175836775451899	0.00334356632083654	0.0144113460555673	0.00608840817585588	0.0036182445473969	0.0125547908246517	0.540004432201386	802.791076660156	23.5640869140625	22.7639770507813	27.50803565979	0.650563895702362	0.0894857719540596	0.0354967080056667	38.5064086914063	0.00795283075422049	0.00342485681176186	1.16701138019562	0.139322951436043	0.180608093738556	0.218944936990738	0.0254498906433582	0.0329914279282093	0.0399942174553871	35.074333190918	34.6035537719727	39.5789108276367	-5.1441211700439	-5.6227970123291
CENTRO16	2018/11/27	parcela 15_16	ÑIRE	200	4	9	22	22	RALEO	0.0782075151801109	0.00493796123191714	-0.0018274188041687	0.0343804135918617	-0.0164618957787752	0.115403108298779	-0.0125449849292636	0.0223021879792213	0.104417026042938	28.7082080841064	0.0171679146587849	0.0127981770783663	0.0189433041960001	0.0172140672802925	0.00969694275408983	0.0184311028569937	0.0062175658531487	0.0101614650338888	0.0102134421467781	0.927211701869965	800.207336425781	28.7082080841064	28.3867740631104	27.5071849822998	0.600216150283814	0.131248131394386	0.035885214805603	33.5110206604004	0.00545956008136272	0.00512492563575506	1.61572754383087	0.0966694355010986	0.125313594937325	0.151918113231659	0.0223672725260258	0.0289949104189873	0.0351506844162941	40.7747802734375	40.4508781433106	39.5780487060547	6.8552589416503	6.5615425109864
CENTRO15	2018/11/27	parcela 15_16	ÑIRE	200	4.6	7	21	21	TESTIGO	0.208325624465942	0.00921244081109762	0.0283494386821985	-0.0404537059366703	0.0180205013602972	0.0894150957465172	-0.0181543510407209	0.00345651153475046	0.16755910217762	21.8529491424561	0.0438870452344418	0.00532466173171997	0.00981712900102139	0.0201545115560293	0.00491824885830283	0.00749507732689381	0.00328931794501841	0.0031338210683316	0.0168906059116125	1.82695186138153	799.771789550781	21.8529491424561	21.825231552124	27.5052280426025	0.682540675004323	0.115380093455315	0.0243472717702389	41.6725921630859	0.00503391958773136	0.00210605165921152	2.6130588054657	0.105218909680843	0.136393785476685	0.165358364582062	0.0227715764194727	0.0295183956623077	0.0357871577143669	35.2808609008789	35.2402420043945	39.5767097473145	-4.6263179779052	-2.4238872528076
CENTRO17	2019/01/21	parcela 17_18	ÑIRE	200	4	20	58	58	RALEO	0.0834822580218315	0.00927297025918961	-0.0115603366866708	0.0316887348890305	0.00146517704706639	0.0700941234827042	-0.016442347317934	0.00926935859024525	0.0533847585320473	26.4792671203613	0.00144235999323428	0.00805805623531342	0.00153694930486381	0.00237458106130362	0.00479863025248051	0.00368137960322201	0.00724580604583025	0.00031252414919436	0.00130448711570352	0.044876616448164	804.102416992188	26.4792671203613	24.2491188049316	27.5110397338867	0.61059033870697	0.0863379240036011	0.0293327793478966	35.3308868408203	0.00468420051038265	0.00389510649256408	0.120120540261269	0.109780743718147	0.142316401004791	0.1725113093853	0.0272945985198021	0.0353839099407196	0.0428911373019218	37.1227340698242	35.7730102539063	39.5812759399414	-2.9076004028321	-4.9476413726807
CENTRO31	2019/03/20	parcela 31_32	ÑIRE	200	6.3	24	92	116		0.160394936800003	0.00333956209942699	0.0000909443479031324	0.0919824913144112	0.00881823804229498	0.0265024937689304	0.0129138585180044	-0.000836014281958342	0.109390564262867	29.3868675231934	0.0218002013862133	0.00357050006277859	0.00729539105668664	0.0202076230198145	0.0054125995375216	0.00593668548390269	0.0035678765270859	0.00709723308682442	0.00558354659006	0.913879215717316	791.156982421875	29.3868675231934	29.1967601776123	27.5638961791992	0.679773598909378	0.132356837391853	0.0354881510138512	33.8687744140625	0.00459305616095662	0.00170300784520805	0.797609448432922	0.102300241589546	0.132686778903008	0.160635739564896	0.0196821298450232	0.0255283415317535	0.0309056751430035	41.4107666015625	41.2563972473145	39.6167030334473	-7.3353805541992	-7.1972370147705
CENTRO39	2019/04/08	Parcela 39_40	ÑIRE	200	2.9	9	20	20		0.126153007149696	0.0059733260422945	0.0178781058639288	0.0922040715813637	0.00668681273236871	0.0410212837159634	-0.00850763916969299	-0.0250215474516153	0.132121250033379	36.7222480773926	0.0185698848217726	0.000721114629413933	0.00861088652163744	0.0341291017830372	0.00590726220980287	0.00839878339320421	0.0051080109551549	0.0082092797383666	0.042563870549202	0.967091739177704	748.696044921875	36.7222480773926	36.3939971923828	27.5326385498047	0.669023454189301	0.153065651655197	0.0304878111928701	26.2649536132813	0.00833102036267519	0.000621829356532544	1.63682043552399	0.0781968757510185	0.10138476639986	0.122857213020325	0.0196281503885984	0.025448402389884	0.0308385491371155	48.886043548584	48.6700859069824	39.5895690917969	-2.3542213439941	-2.2235717773438
CENTRO40	2019/04/08	Parcela 39_40	ÑIRE	200	2.4	4	8	8		0.0903947725892067	-0.00562356039881706	-0.00285918242298067	0.0398714318871498	0.0136466603726149	0.0498849451541901	-0.0135350544005632	-0.00381985725834966	0.0724799260497093	39.0764694213867	0.00301378034055233	0.0111703472211957	0.00528205605223775	0.00503246625885367	0.00148697814438492	0.00279130437411368	0.0063141998834908	0.00427854713052511	0.00613417522981763	0.343794256448746	752.869506835938	39.0764694213867	38.6175689697266	27.5304775238037	0.687923610210419	0.133099257946014	0.0319676622748375	24.516529083252	0.00681206863373518	0.00252819852903485	0.62200790643692	0.0834250003099442	0.108160555362701	0.131075963377953	0.0264178514480591	0.034250732511282	0.0415073372423649	50.6974639892578	50.3681488037109	39.5879936218262	22.6447505950928	22.2794437408448
CENTRO12	2018/07/20	parcela 11_12	ÑIRE	200	7.2	20	86	90	TESTIGO	0.0341127701103687	0.000692183384671807	0.00455891992896795	-0.00539204943925142	-0.00311188050545752	0.0300422236323357	-0.0010784495389089	0.00691590551286936	0.0218936167657375	16.4317188262939	0.0026464865077287	0.00247805402614176	0.00334178260527551	0.00828623026609421	0.0035253819078207	0.00926248542964459	0.00206877081654966	0.00318692624568939	0.00571537064388394	0.399432003498077	685.039306640625	16.4317188262939	16.3381252288818	27.4289836883545	0.663844585418701	0.0746610015630722	0.0256992075592279	46.1084403991699	0.00676805153489113	0.00026459529181011	0.548138320446014	0.113743744790554	0.147306457161903	0.179002299904823	0.030675882473588	0.0397275276482105	0.0482756309211254	28.6106777191162	28.5752639770508	39.5113334655762	-2.8035202026368	-2.7230892181397
CENTRO11	2018/11/20	parcela 11_12	ÑIRE	200	8.3	19	86	89	RALEO	0.178081765770912	-0.0223972033709288	-0.0382246412336826	0.0543749667704105	0.00372015382163227	0.109782189130783	0.00766933662816882	0.00245265825651586	0.109275363385677	19.2352390289307	0.00174393644556403	0.00468155043199658	0.00533891702070832	0.0089903362095356	0.00936260260641575	0.00662137242034078	0.00676490971818566	0.00656966120004654	0.0116061801090837	0.288412392139435	687.421447753906	19.2352390289307	19.0612144470215	27.4301204681397	0.719697594642639	0.0827568098902702	0.0284221172332764	43.036060333252	0.000878825027029961	0.000153036526171491	0.624917030334473	0.115902982652187	0.150104731321335	0.182397022843361	0.029666967689991	0.0384213998913765	0.0466869845986366	31.5898475646973	31.5498218536377	39.5124282836914	0.411542892456101	0.802169799804698
CENTRO19	2018/12/01	parcela 19_20	ÑIRE	200	9	11	60	60	TESTIGO	0.0685969442129135	0.0190973225980997	-0.00629642140120268	0.0222482141107321	0.00652474584057927	0.0347634665668011	0.00376268569380045	0.00120954122394323	0.0771951824426651	18.8236961364746	0.012041219510138	0.00547158624976873	0.00663480861112475	0.00389577820897102	0.000367058208212256	0.0000109845223050797	0.000922175007872284	0.000452902546385303	0.000295660138363019	0.738745868206024	603.329223632813	18.8236961364746	18.2590446472168	27.409517288208	0.753948986530304	0.104642406105995	0.0301657803356648	44.8017578125	0.00224368739873171	0.000446217891294509	0.0151054309681058	0.129106462001801	0.167154774069786	0.203264623880386	0.0241680052131414	0.0312904454767704	0.038049977272749	28.6735668182373	28.3641510009766	39.4914093017578	-6.8951358795166	-4.856071472168
CENTRO20	2018/12/01	parcela 19_20	ÑIRE	200	10.2	18	121	121	RALEO	0.0627878755331039	-0.0120613723993301	0.000807371980044991	0.0275109224021435	0.00642185751348734	0.0653637945652008	-0.0111830811947584	0.0014683052431792	0.106067754328251	25.7188320159912	0.00886628124862909	0.00434539979323745	0.00415404187515378	0.00418825121596456	0.00945124216377735	0.0084421606734395	0.00743935629725456	0.00825265236198902	0.023772869259119	0.692086160182953	605.219665527344	25.7188320159912	23.1151161193848	27.4071483612061	0.719583928585053	0.12446790933609	0.025022154673934	35.8245048522949	0.000234584091231227	0.000696774339303374	0.392466068267822	0.116569615900517	0.150919899344444	0.183532729744911	0.0252835974097252	0.0327340140938759	0.0398077927529812	36.371208190918	34.9365081787109	39.489673614502	1.8247356414795	-0.6029033660888
CENTRO1	2018/10/05	parcela 1_2	ÑIRE	200	8.4	32.4	102.1	111.6	TESTIGO	0.087628997862339	0.0158222690224648	0.00561445346102119	0.0127337947487831	-0.0206038765609264	0.0639885365962982	-0.00398001912981272	0.00333483796566725	0.0767496228218079	23.8940963745117	0.0491322129964829	0.00338868866674602	0.0175352580845356	0.0120893949642777	0.0103084584698081	0.00292199780233204	0.0120885148644447	0.00364103447645903	0.0306568704545498	0.01424858905375	717.551696777344	23.8940963745117	23.7180194854736	27.4504718780518	0.754231721162796	0.11321023106575	0.0304227732121944	38.809944152832	0.0108681283891201	0.00120134849566966	0.293552458286285	0.10922384262085	0.14148935675621	0.171823740005493	0.0316762588918209	0.0410337746143341	0.0498307980597019	35.8337364196777	35.7332763671875	39.5294647216797	-0.481122970581097	-0.454404830932699
CENTRO2	2018/10/05	parcela 1_2	ÑIRE	200	9.8	44	225	234	RALEO	0.0595786087214947	0.0159165076911449	-0.00582515960559249	0.0278091877698898	-0.00416947156190872	0.0614018142223358	0.0108888270333409	0.00429874612018466	0.0693214684724808	24.3752193450928	0.0110715674236417	0.00331063894554973	0.0063470178283751	0.0035227844491601	0.00283460924401879	0.00511638540774584	0.00231940252706409	0.00262862676754594	0.00374849350191653	0.222937643527985	716.447509765625	24.3752193450928	24.1724243164063	27.4488735198975	0.716320753097534	0.115141861140728	0.0376331806182861	38.4637985229492	0.00227171508595347	0.00302030122838914	0.319212824106216	0.12241442501545	0.158574104309082	0.192578673362732	0.0274599269032478	0.0355712920427322	0.0431990325450897	36.0123710632324	35.9020729064941	39.5282516479492	-0.0289955139160014	-0.171075820922802
CENTRO21	2018/12/11	parcela 21_22	ÑIRE	200	10	16	93	93	TESTIGO	0.0797854140400887	-0.00978626869618893	0.0165680125355721	0.0366015918552876	-0.0135723426938057	0.0657094344496727	-0.00172497367020696	0.00430118478834629	0.105100117623806	24.4042148590088	0.00646893354132772	0.00541433272883296	0.00625441828742623	0.00613380502909422	0.00971580855548382	0.0244225542992353	0.00478174071758986	0.0028710390906781	0.0129921967163682	0.149753481149673	518.986572265625	24.4042148590088	24.3435001373291	27.3939304351807	0.730537950992584	0.0875086262822151	0.0266480706632137	39.1103591918945	0.00470957346260548	0.00125820457469672	0.176250696182251	0.100961714982986	0.130684047937393	0.159010618925095	0.0241308063268662	0.0312346629798412	0.0380051471292973	36.3352470397949	36.2990913391113	39.4743690490723	-1.1980743408203	-1.1097869873047
CENTRO22	2018/12/11	parcela 21_22	ÑIRE	200	9.8	26	141	141	RALEO	0.0965012609958649	-0.0124223558232188	0.00311999046243727	0.0194564741104841	-0.0131845436990261	0.0529217310249805	-0.0242433715611696	-0.00938984472304583	0.0736962631344795	25.6022891998291	0.00904998742043972	0.00423188647255302	0.0033140464220196	0.00532768946141005	0.0090149873867631	0.0163380112498999	0.00332303950563073	0.0060517261736095	0.0141222793608904	0.134374499320984	519.858581542969	25.6022891998291	25.4532871246338	27.3947448730469	0.690498769283295	0.0945941582322121	0.022441066801548	40.4964370727539	0.00130092573817819	0.00118262344039977	0.136758103966713	0.0992629751563072	0.12848587334156	0.156333938241005	0.0272421892732382	0.0352621749043465	0.0429051518440247	37.7744140625	37.6654968261719	39.4748382568359	3.8352241516113	4.0525302886963
CENTRO24	2019/10/19	parcela 23_24	ÑIRE	200	10.2	31	177.5	235.7	RALEO	0.0833582282066345	-0.00396487396210432	0.00257264287211001	0.0333078987896442	0.00312893907539547	0.0336056798696518	-0.0044376109726727	-0.00966108217835426	0.0742030069231987	21.7670650482178	0.0184379648417234	0.0017826046096161	0.00185771868564188	0.00369872874580324	0.00619720341637731	0.0197740718722343	0.00761991133913398	0.00568818580359221	0.00692281825467944	1.01990938186646	515.830810546875	21.7670650482178	21.4007568359375	27.3879451751709	0.741780936717987	0.0884565114974976	0.0234944261610508	40.6998901367188	0.00510075362399221	0.000391665409551933	0.568018138408661	0.110373266041279	0.142857238650322	0.173849701881409	0.0235735327005386	0.0305112823843956	0.0371311567723751	33.2584037780762	33.102954864502	39.4697532653809	-3.6635417938232	-3.4173622131348
CENTRO23	2019/10/19	parcela 23_24	ÑIRE	200	8.2	13	67	67	TESTIGO	0.0960792228579521	-0.00321343634277582	0.00184052530676126	0.0402117818593979	0.00630491599440575	0.0373542606830597	-0.0141434613615274	-0.000531482161022723	0.064308799803257	25.430606842041	0.00571062415838242	0.00203113816678524	0.00963349919766188	0.00629145558923483	0.00861834269016981	0.0125087453052402	0.00369715504348278	0.00416493508964777	0.00552719924598932	0.422621726989746	516.450256347656	25.430606842041	24.8181190490723	27.3863430023193	0.721154034137726	0.0973510965704918	0.0300889164209366	36.8643989562988	0.00255683856084943	0.00198349403217435	0.536139488220215	0.0867852866649628	0.112324915826321	0.136699989438057	0.0276830699294806	0.0358296036720276	0.0436053611338139	36.8676948547363	36.4769248962402	39.4684715270996	-9.7654571533203	-10.353588104248
CENTRO25	2019/02/13	parcela 25_26	ÑIRE	200	8.7	40	201	209		0.0640067532658577	-0.00279094162397087	-0.00774402217939496	0.0164908692240715	-0.00169587845448405	0.0295683946460485	-0.00339268730022013	-0.0028320886194706	0.0757995918393135	35.1960639953613	0.0105606196448207	0.000330926588503644	0.00235080718994141	0.00749074155464768	0.00509081641212106	0.00890700332820416	0.00515662971884012	0.00461693340912461	0.00766708189621568	1.53816270828247	726.00244140625	35.1960639953613	35.1717071533203	27.5453643798828	0.692050606012344	0.115639306604862	0.0416260026395321	31.2233600616455	0.0036631990224123	0.00181743467692286	1.66867554187775	0.0788122341036797	0.102196678519249	0.123799011111259	0.0238236524164677	0.0308924242854118	0.0374223589897156	46.6357269287109	46.6101379394531	39.5989227294922	5.215742111206	5.2227897644043
CENTRO26	2019/02/13	parcela 25_26	ÑIRE	200	10.7	33	206	599		0.100652597844601	-0.0097581073641777	-0.0121185388416052	0.042703241109848	-0.0146820079535246	0.0865586847066879	-0.00237419921904802	0.00263506965711713	0.104905620217323	29.9803218841553	0.0501092672348022	0.0140852220356464	0.00614329520612955	0.00961291883140802	0.00452418765053153	0.00940776895731688	0.00577227678149939	0.00138219480868429	0.0161906611174345	0.316831231117249	723.792724609375	29.9803218841553	29.948917388916	27.5475311279297	0.684935480356216	0.102771654725075	0.0341843888163567	35.7399063110352	0.000812765094451606	0.000999952433630824	0.973183572292328	0.100448533892632	0.130254879593849	0.157781675457954	0.0281552523374558	0.0365098565816879	0.0442254170775414	42.0587387084961	42.0347671508789	39.6004257202148	4.3859405517578	4.6655025482178
CENTRO28	2019/02/22	parcela 27_28	ÑIRE	200	10.2	45	275	309		0.0954630300402641	-0.0132153481245041	-0.0313643291592598	0.0359560139477253	0.0260830093175173	0.0750634297728539	0.00587542727589607	0.0328413657844067	0.0872567296028137	25.5943813323975	0.0112037435173988	0.00219053728505969	0.00503293704241514	0.0101941963657737	0.00529536232352257	0.00592981325462461	0.00492468057200313	0.00811622012406588	0.0154532669112086	0.564228117465973	749.950500488281	25.5943813323975	25.2834148406982	27.5413494110107	0.673623383045197	0.116955056786537	0.0295994188636541	35.4560699462891	0.00191390421241522	0.00213733245618641	1.36925065517426	0.117548003792763	0.152421310544014	0.1846534460783	0.0272386912256479	0.0353196859359741	0.0427886173129082	38.3684005737305	37.9676361083984	39.5971717834473	-5.9514198303222	-3.8969955444336
CENTRO27	2019/02/22	parcela 27_28	ÑIRE	200	8.5	34	181	199		0.0768706873059273	-0.0164895225316286	-0.00687130307778716	0.0268080811947584	0.00247235107235611	0.0575535297393799	-0.008175328373909	-0.00414600642398	0.0636135637760162	31.5458011627197	0.00489002885296941	0.00894893426448107	0.0106094852089882	0.00717889470979571	0.00324562890455127	0.025048578158021	0.0116662364453077	0.00376326916739345	0.00775386486202478	0.525434970855713	744.668029785156	31.5458011627197	29.1804103851318	27.5427093505859	0.672012031078339	0.133331209421158	0.0363275706768036	29.8168621063232	0.00660706637427211	0.000833935977425426	0.710783362388611	0.0961722061038017	0.124705396592617	0.151072025299072	0.0267494190484285	0.034685593098402	0.0420194417238236	42.642749786377	41.0991363525391	39.5980987548828	6.5290832519531	4.1846904754638
CENTRO29	2019/03/21	parcela 29_30	ÑIRE	200	5.6	18	66	79		0.265970587730408	0.0476883612573147	-0.110907919704914	0.0352166704833508	-0.106388352811337	0.288362771272659	0.104545205831528	-0.0992801561951637	0.25860533118248	25.0167179107666	0.19364421069622	0.106991194188595	0.150496959686279	0.0316181406378746	0.158051311969757	0.250770598649979	0.132689937949181	0.147737354040146	0.194398984313011	2.35099387168884	794.657653808594	25.0167179107666	24.995719909668	27.5560054779053	0.696819618344307	0.133615717291832	0.0276711657643318	36.7425765991211	0.00702489074319601	0.00124957994557917	3.59916114807129	0.0744741410017014	0.0965868085622788	0.116957366466522	0.0333413034677506	0.0432409048080444	0.0523606389760971	39.2247467041016	39.2093048095703	39.6106300354004	-5.4911975860596	-5.2245826721191
CENTRO30	2019/03/21	parcela 29_30	ÑIRE	200	8	27	117	141		0.14953301846981	-0.0368378721177578	0.0198804959654808	0.0447305291891098	-0.0100817875936627	0.0777910351753235	-0.00467930035665631	0.0110782915726304	0.108953878283501	30.5079154968262	0.0236704722046852	0.0128489090129733	0.00668069627135992	0.0162021052092314	0.0058051124215126	0.0145642040297389	0.00928111467510462	0.0109611665830016	0.0103343641385436	1.87700533866882	792.729614257813	30.5079154968262	30.2203025817871	27.5587425231934	0.626674234867096	0.141376703977585	0.0304232947528362	33.7695045471191	0.00191685976460576	0.0001150029420387	2.64407753944397	0.0894244387745857	0.115980952978134	0.140427395701408	0.0253614261746407	0.0328927487134934	0.0398267656564713	41.5949554443359	41.4448165893555	39.6128082275391	6.1018886566162	5.9286556243896
CENTRO33	2019/03/25	parcela 33_34	ÑIRE	200	8.9	45	225	225		0.0281124729663134	0.00257768225856125	0.00286422972567379	0.0110265733674169	0.00491265300661325	0.0268264431506395	0.00052339251851663	-0.00133446033578366	0.0454868376255035	24.40602684021	0.0083115678280592	0.00137478415854275	0.00098471820820123	0.0105066504329443	0.00163010891992599	0.00545833632349968	0.00226933183148503	0.00485784281045198	0.0102098928764462	1.22400557994843	794.959167480469	24.40602684021	24.2916469573975	27.5652446746826	0.684510499238968	0.14074794948101	0.0279671791940928	39.5750617980957	0	0	0	0.122109621763229	0.158384561538696	0.191733449697495	0.0276601389050484	0.0358771197497845	0.0434312038123608	35.5351638793945	35.4557952880859	39.6183624267578	-2.1984806060791	-2.3036518096923
CENTRO34	2019/03/25	parcela 33_34	ÑIRE	200	9.2	38	199	199		0.0449790246784687	0.00609435373917222	-0.00329233822412789	0.0241103321313858	0.00636941241100431	0.0174465086311102	0.00210402882657945	0.000285657966742292	0.0420644544064999	26.6045074462891	0.0249507278203964	0.00342499744147062	0.0015889594797045	0.0154280969873071	0.00602260138839483	0.0023272130638361	0.00279284408316016	0.000595058081671596	0.0185254700481892	0.692653954029083	794.822937011719	26.6045074462891	26.5952987670898	27.5639934539795	0.676612675189972	0.107408702373505	0.0385177433490753	38.0734558105469	0.00221700314432383	0.00364810205064714	0.379728943109512	0.109960094094276	0.142624065279961	0.17265959084034	0.0212286617606878	0.027534656226635	0.0333333685994148	38.5956573486328	38.5915985107422	39.6173667907715	-8.4110984802246	-7.5615997314454
CENTRO35	2019/03/29	parcela 35_36	ÑIRE	200	6.2	9	33	33		0.0646544545888901	-0.0132081247866154	-0.00428209034726024	0.0358341038227081	-0.0069528422318399	0.027722766622901	-0.0151895796880126	-0.007724744733423	0.129443868994713	35.0156059265137	0.0108642736449838	0.00348608801141381	0.00222687609493732	0.00331765087321401	0.00755013339221478	0.0049087405204773	0.0014719027094543	0.00200589303858578	0.00381126627326012	0.719584465026856	797.618713378906	35.0156059265137	34.1568984985352	27.5538730621338	0.715282877286275	0.140042752027512	0.0259161535650492	27.6365375518799	0.00117593724280596	0.000697471492458135	1.45801186561584	0.0906258374452591	0.117533221840858	0.142324477434158	0.0283582713454962	0.0367780923843384	0.0445354841649532	45.8058204650879	45.0917358398438	39.6096839904785	0.640270233154297	0.308372497558601
CENTRO36	2019/03/29	parcela 35_36	ÑIRE	200	8.9	34	168	168		0.0623227581381798	-0.00250000110827386	-0.00479387957602739	0.0156589485704899	0.008978471159935	0.0418348349630833	-0.00524754682555795	-0.00163217075169086	0.0484240725636482	34.3753356933594	0.0159598868340254	0.0062207099981606	0.00888802576810122	0.00814433954656124	0.00919927470386028	0.00862404052168131	0.00884078908711672	0.00493882549926639	0.0118157342076302	0.100866511464119	798.887084960938	34.3753356933594	33.8485260009766	27.5541839599609	0.717656224966049	0.135412365198135	0.0267786271870136	28.8650093078613	0.00200399826280773	0.00183949002530426	0.572917938232422	0.079946793615818	0.103683844208717	0.125552833080292	0.0299188811331987	0.0388020873069763	0.046986311674118	45.5053939819336	45.1386795043945	39.60986328125	10.7893314361572	10.6336669921875
CENTRO37	2019/04/04	parcela 37_38	ÑIRE	200	3.3	3	9	9		0.10042667388916	0.0183236226439476	0.0303862988948822	0.00242738681845367	0.00550413131713867	0.171021044254303	0.0114546418190002	0.000589059025514871	0.101973839104176	23.5860042572022	0.0229276232421398	0.00967699568718672	0.013118433766067	0.0421857237815857	0.00200808304361999	0.0205683130770922	0.0173314027488232	0.0207781903445721	0.0195593368262053	0.205658406019211	772.866394042969	23.5860042572022	23.2148590087891	27.5633640289307	0.6558957695961	0.0663976520299912	0.0269601829349995	43.2952270507813	0.00369845447130501	0.00000878630089573562	0.586643636226654	0.0971862152218819	0.126054674386978	0.152603775262833	0.0194977503269911	0.0252894032746553	0.0306157916784287	35.5430183410645	35.2853965759277	39.617244720459	2.9990634918213	4.3789367675782
CENTRO38	2019/04/04	parcela 37_38	ÑIRE	200	4.1	12	33	33		0.123120598495007	0.0132092610001564	0.00566384894773364	0.0449382998049259	0.0285677872598171	0.118118718266487	0.00168542796745896	-0.00717082992196083	0.108306773006916	20.5869407653809	0.0460106022655964	0.00791789218783379	0.00259214895777404	0.0110173625871539	0.0161833539605141	0.00639442633837462	0.0168102513998747	0.0110688228160143	0.0199848171323538	0.875059545040131	777.096862792969	20.5869407653809	18.8359222412109	27.5650901794434	0.732599079608917	0.0816159173846245	0.0260907709598541	49.9265289306641	0.00123239494860172	0.00341749051585794	1.45385992527008	0.0990615785121918	0.12849035859108	0.155542731285095	0.0309045799076557	0.0400857552886009	0.0485248826444149	31.8632011413574	30.6751747131348	39.6188850402832	-1.3520679473877	-3.0989608764649
CENTRO3	2018/10/24	parcela 3_4	ÑIRE	200	12	12	328	330	RALEO	0.0492499172687531	-0.0061350897885859	-0.00336625636555254	0.000813031743746251	-0.00529532274231315	0.0215000212192535	0.000230163976084441	0.00769606279209256	0.0442712493240833	21.9390087127686	0.00329137803055346	0.00163212057668716	0.00110469129867852	0.00595927285030484	0.00278820749372244	0.00370516581460834	0.000625304295681417	0.00209699873812497	0.00903467554599047	0.438863843679428	707.876892089844	21.9390087127686	21.9348831176758	27.4403591156006	0.734851598739624	0.0829451829195023	0.0333897992968559	42.0890884399414	0.00119186018127948	0.0010057371109724	0.286202043294907	0.0942674651741982	0.122099965810776	0.148321896791458	0.0283831283450127	0.0367632657289505	0.0446584336459637	34.255126953125	34.2457046508789	39.5210266113281	-0.624565124511697	-0.619758605956999
CENTRO4	2018/10/24	parcela 3_4	ÑIRE	200	9.9	36	194	221	TESTIGO	0.115235894918442	-0.012249268591404	-0.00337047409266233	0.00172221590764821	0.00376866641454399	0.0652717426419258	-0.00407536560669541	0.0112722078338265	0.0781615823507309	22.5635738372803	0.0108911525458097	0.00906534213572741	0.00279260869137943	0.00998471491038799	0.00621098699048162	0.00496026035398245	0.00210889405570924	0.00227361056022346	0.00308556598611176	0.172989442944527	709.369445800781	22.5635738372803	22.5546417236328	27.4406909942627	0.731402933597565	0.0949625968933106	0.0246707536280155	41.3461494445801	0	0	0	0.117696091532707	0.152446046471596	0.185184597969055	0.0299124084413052	0.0387441515922546	0.0470644757151604	34.7182121276856	34.7135772705078	39.5211868286133	-17.3127269744873	-17.3166618347168
CENTRO41	2019/04/11	parcela 41_42	ÑIRE	200	3.2	6	13	13		0.0928356721997261	0.00723716104403138	-0.00102958281058818	0.0484242476522923	-0.0123594747856259	0.0406670607626438	0.0103604281321168	-0.00695317005738616	0.0573052354156971	39.8763008117676	0.0343278460204601	0.00437511038035154	0.0110374772921205	0.0192424897104502	0.00547440769150853	0.0196876134723425	0.000964832201134414	0.00986519549041987	0.00855686701834202	0.896361768245697	748.120788574219	39.8763008117676	39.8713035583496	27.5323944091797	0.60332453250885	0.13779228925705	0.0387930832803249	26.7853088378906	0.00392193300649524	0.000961759476922452	0.98642098903656	0.0678501501679421	0.0879701897501946	0.106600686907768	0.0183603744953871	0.0238047949969769	0.0288465227931738	52.6950225830078	52.6911430358887	39.5895957946777	-1.6968879699707	-0.503582000732401
CENTRO42	2019/04/11	parcela 41_42	ÑIRE	200	1.5	2	1	1		0.0673811435699463	0.0107983108609915	-0.0107934828847647	0.031063262373209	0.0102244932204485	0.0527847446501255	0.0159260891377926	0.00548994867131114	0.0705232694745064	41.5731887817383	0.0146599914878607	0.0019643846899271	0.00506543787196279	0.0111718960106373	0.00344253797084093	0.00208040373399854	0.0041213845834136	0.00330810970626771	0.00959398504346609	0.236776605248451	752.779418945313	41.5731887817383	40.374885559082	27.5330181121826	0.564483106136322	0.227652043104172	0.0612739846110344	20.9155368804932	0.00028621923411265	0.00158296443987638	0.204907864332199	0.0759522020816803	0.0984753668308258	0.119328983128071	0.0164538398385048	0.0213330704718828	0.0258508305996656	52.4377632141113	51.5726623535156	39.590087890625	16.6816329956055	15.5834522247314
CENTRO44	2018/12/05	parcela 43_44	ÑIRE	200	3.6	16	41	41		0.159637749195099	-0.00628549652174115	0.013205929659307	0.0437224730849266	0.0187770929187536	0.090449720621109	0.0199473425745964	-0.00339072966016829	0.0990705341100693	24.8915557861328	0.0107498802244663	0.013486722484231	0.00683978665620089	0.00111734191887081	0.00874335505068302	0.00719103217124939	0.0134088629856706	0.00160672643687576	0.0063095148652792	0.372351557016373	1056.74865722656	24.8915557861328	24.7914333343506	27.5001335144043	0.610420405864716	0.106034144759178	0.0173781327903271	38.4093742370606	0.00312630576081574	0.0000523951202922035	0.482154548168182	0.106539204716682	0.138130664825439	0.167388156056404	0.0301694609224796	0.0391155779361725	0.0474002435803413	36.6133422851563	36.5486526489258	39.5902099609375	1.0408172607422	1.1084499359131
CENTRO43	2018/12/05	parcela 43_44	ÑIRE	200	3.8	15	39	39		0.090735949575901	-0.00825580861419439	-0.00162238837219775	0.000653617084026337	-0.00493320543318987	0.0659740418195725	0.00207887263968587	-0.0104512218385935	0.0642018616199493	23.8507385253906	0.0169391538947821	0.00910933222621679	0.0135160489007831	0.0134745584800839	0.00621110666543245	0.0161605104804039	0.00567796686664224	0.00829178467392921	0.00838383845984936	0.257942825555801	1058.99035644531	23.8507385253906	23.6829833984375	27.502067565918	0.663544774055481	0.107935138046741	0.0249268375337124	39.2123947143555	0.00220034667290747	0.00206963228993118	0.379856556653976	0.106746196746826	0.138402506709099	0.167707219719887	0.0261370725929737	0.0338880456984043	0.0410637930035591	35.7471618652344	35.6570663452148	39.5917205810547	-1.1990814208985	-1.1588840484619
CENTRO48	2019/02/18	parcela 47_48	ÑIRE	200	2.9	7	16	16		0.099668525159359	0.0058178692124784	-0.00120954436715692	0.0274776723235846	-0.0263023246079683	0.0381441973149776	0.00266178627498448	0.00373966270126402	0.102443896234035	25.0498199462891	0.0506915673613548	0.00470003811642528	0.00961035024374723	0.0131635321304202	0.038983628153801	0.0219795405864716	0.00448207324370742	0.00224143150262535	0.0485018976032734	0.517312109470367	1060.73303222656	25.0498199462891	24.8418674468994	27.5033016204834	0.584966272115707	0.103308565914631	0.0302318073809147	38.2650527954102	0.000525824085343629	0.000479005509987474	0.166518494486809	0.107926800847054	0.139935523271561	0.169557929039001	0.0222455747425556	0.0288430191576481	0.0349489971995354	37.0063171386719	36.9024887084961	39.5929069519043	-0.560712814330998	-0.1457633972168
CENTRO47	2019/02/18	parcela 47_48	ÑIRE	200	3.1	3	7	7		0.104013867676258	0.00957399420440197	-0.00466214958578348	0.0321296527981758	-0.0195648241788149	0.0505850911140442	0.0092955706641078	-0.00845229905098677	0.104118853807449	25.6105327606201	0.00430544093251228	0.0192519184201956	0.00330838724039495	0.0195887628942728	0.00877562072128058	0.0128111867234111	0.0182487852871418	0.00454609980806708	0.0066970051266253	0.789515793323517	1064.04809570313	25.6105327606201	24.9876308441162	27.5055732727051	0.712058573961258	0.0892868638038635	0.0226131342351437	36.2891387939453	0.00123812165111303	0.000238038817769848	0.624744415283203	0.0986709371209145	0.127938210964203	0.155010089278221	0.0287334844470024	0.0372563749551773	0.0451395437121391	37.5524978637695	37.1435470581055	39.5949554443359	4.0135459899902	3.419563293457
CENTRO45	2019/02/18	parcela 47_48	ÑIRE	200	4.2	17	45	45		0.164919435977936	0.0244129300117493	0.0312764048576355	0.115030407905579	-0.0168555490672588	0.0656466335058212	0.029161186888814	-0.0321085304021835	0.156190529465675	21.5969867706299	0.0101365679875016	0.00406935717910528	0.00274120806716383	0.0113210305571556	0.00847476348280907	0.00944710802286863	0.00785680580884218	0.00398001912981272	0.0129062123596668	0.806179225444794	1051.45373535156	21.5969867706299	21.5680675506592	27.4969444274902	0.740741044282913	0.117375239729881	0.0300430096685886	41.4816970825195	0.00392626877874136	0.00131287437397987	1.33573281764984	0.138559073209763	0.179637908935547	0.217708900570869	0.0238765608519316	0.0309553109109402	0.0375156402587891	33.4868659973145	33.4656295776367	39.587287902832	0.964923858642599	0.944751739501999
CENTRO46	2019/02/18	parcela 47_48	ÑIRE	200	4.9	39	127	127		0.184237614274025	0.000060416292399168	0.0364151410758495	0.117325693368912	0.00963546242564917	0.0581713765859604	0.0022884311620146	-0.0297599136829376	0.130318328738213	20.6320629119873	0.0510706529021263	0.00514040654525161	0.00699918810278177	0.0383734926581383	0.00527386413887143	0.00473615527153015	0.00660824542865157	0.00455347169190645	0.0341945104300976	1.02365279197693	1047.97790527344	20.6320629119873	20.6233158111572	27.4955368041992	0.725831886132558	0.0998507738113403	0.0228729993104935	42.9325752258301	0.00791734922677279	0.00405310047790408	0.442750960588455	0.155940994620323	0.202169984579086	0.245025411248207	0.0277381129562855	0.0359609201550484	0.043584443628788	32.4483299255371	32.4450263977051	39.5860595703125	-1.2447738647461	-1.2416343688965
CENTRO50	2019/03/15	parcela 49_50	ÑIRE	200	3.1	4	8	8		0.569750308990479	-0.295084208250046	-0.0537688136100769	0.153573125600815	0.168242335319519	0.784727394580841	-0.0794574171304703	0.0636642873287201	0.38380429148674	21.8768367767334	0.365797936916351	0.403043687343597	0.411588490009308	0.20884607732296	0.203327551484108	0.569181561470032	0.24144347012043	0.0954188108444214	0.277528464794159	0.232626035809517	1040.13488769531	21.8768367767334	21.8649501800537	27.4932460784912	0.822183191776276	0.126047015190125	0.0249353982508183	42.2445907592773	0.00516746193170548	0.000248862663283944	0.249646902084351	0.106952846050262	0.138653010129929	0.1680628657341	0.0355621464550495	0.0461025312542915	0.055881429463625	33.5901756286621	33.5846176147461	39.583137512207	-0.979587554931602	-0.9858283996582
CENTRO49	2019/03/15	parcela 49_50	ÑIRE	200	4.6	2	6	6		1.34259426593781	-0.333859443664551	-0.412030786275864	0.634993314743042	0.13432765007019	0.437941461801529	-0.287906318902969	0.134877786040306	0.810264050960541	22.856424331665	0.645871102809906	0.402958750724793	0.365468144416809	0.2374597042799	0.215541541576386	0.194537073373795	0.248929366469383	0.0842990279197693	0.0480563305318356	0.51745730638504	1040.39074707031	22.856424331665	22.8507785797119	27.4932498931885	0.773245930671692	0.123482450842857	0.0257573276758194	41.7041625976563	0.0196236949414015	0.000652973190881312	0.141597226262093	0.110481649637222	0.143228352069855	0.173606812953949	0.025718942284584	0.0333420298993588	0.0404137894511223	34.8179931640625	34.8092727661133	39.5834083557129	-1.5243835449219	-1.2099494934082
CENTRO51	2019/03/16	parcela 51_52	ÑIRE	200	3.3	3	7	7		0.253837585449219	0.00777203775942326	0.0846592709422112	0.0303069334477186	-0.100905038416386	0.266899317502975	-0.0119416685774922	-0.0150402886793017	0.377951949834824	24.3808078765869	0.0102173546329141	0.0167632102966309	0.0171532724052668	0.033686775714159	0.00888930633664131	0.0482634715735912	0.00223271548748016	0.0253377165645361	0.0433095656335354	0.0987934619188309	1041.78942871094	24.3808078765869	24.0607280731201	27.4924774169922	0.793452650308609	0.124803401529789	0.0283839702606201	38.8590850830078	0.0127453859895468	0.000550719676539302	0.766382098197937	0.105497904121876	0.136766999959946	0.165776252746582	0.0295460820198059	0.0383034236729145	0.0464278049767017	36.0478591918945	35.8734359741211	39.583137512207	2.7830219268799	2.7676868438721
CENTRO53	2019/04/12	parcela 53_54	ÑIRE	200	3.5	4	9	9		0.431420385837555	0.0424271374940872	0.0957106798887253	0.127932116389275	0.0936398282647133	0.294895619153976	0.0020973477512598	0.0822594240307808	0.363250970840454	21.597785949707	0.0974494814872742	0.0356547757983208	0.065764494240284	0.228326439857483	0.154311314225197	0.0588283985853195	0.0456469804048538	0.148250818252563	0.0468169860541821	0.548766374588013	1040.67492675781	21.597785949707	21.293041229248	27.4938526153564	0.802431921164195	0.109398007392883	0.0272455550730228	40.437385559082	0.00293849920853972	0.00151251733768731	0.945554077625275	0.0948304906487465	0.122938632965088	0.149012356996536	0.0279250517487526	0.0362021178007126	0.0438802316784859	33.5806045532227	33.4523696899414	39.5836944580078	-2.5388813018799	-2.1945400238038
CENTRO54	2019/04/12	parcela 53_54	ÑIRE	200	4.2	6	16	16		0.740899324417114	-0.153404533863068	-0.0346679948270321	0.355946868658066	-0.053073525428772	0.366830140352249	0.173263907432556	0.037492249161005	0.607336342334747	24.1366672515869	0.382504761219025	0.398172110319138	0.162683740258217	0.132346048951149	0.234488129615784	0.319100320339203	0.132428675889969	0.151663661003113	0.331256568431854	0.158669203519821	1036.94982910156	24.1366672515869	23.4875812530518	27.4938907623291	0.786292552947998	0.0930109173059464	0.0306443963199854	38.6317825317383	0.0015399984549731	0.000527299242094159	0.0152187207713723	0.099269837141037	0.128693744540215	0.155988305807114	0.0225293543189764	0.0292071271687746	0.0354016460478306	35.3681602478027	35.0387763977051	39.583625793457	2.3584442138672	1.7379417419434
CENTRO52	2019/04/12	parcela 53_54	ÑIRE	200	5.2	10	31	31		0.170456990599632	-0.0162752047181129	-0.0142116071656346	0.0813816264271736	-0.0170392971485853	0.0345269702374935	-0.00591343827545643	0.015626909211278	0.137832462787628	21.7782230377197	0.0435268245637417	0.00667289784178138	0.0066180587746203	0.0416846349835396	0.00960060767829418	0.00171812216285616	0.00123455631546676	0.010239121504128	0.0406447164714336	0.554479897022247	1045.19763183594	21.7782230377197	21.7496395111084	27.4938201904297	0.692891746759415	0.117007434368134	0.0158097874373198	42.1805877685547	0.0077210022136569	0.000570900796446949	0.297304540872574	0.142505764961243	0.18474742770195	0.223922893404961	0.0279885791242123	0.0362850800156593	0.0439789742231369	34.3270301818848	34.3071594238281	39.5844383239746	-0.0563201904296982	-0.0791702270508026
CENTRO5	2018/11/22	parcela 5_6	ÑIRE	200	7	16	61	69	TESTIGO	0.121339023113251	0.00854599848389626	-0.00881270319223404	0.0410000421106815	0.0153277544304729	0.139872387051582	0.0315988883376122	0.0216837152838707	0.142978742718697	21.8345432281494	0.0216574016958475	0.019808454439044	0.00565280299633741	0.0197392404079437	0.00671102479100227	0.0437219589948654	0.0204157792031765	0.000976075942162424	0.0317200720310211	0.511407375335693	660.411437988281	21.8345432281494	21.8288097381592	27.4140682220459	0.621263206005096	0.111827909946442	0.0231835376471281	41.7568817138672	0	0	0	0.12407223880291	0.160653918981552	0.195308193564415	0.0337893776595593	0.0437520891427994	0.0531891733407974	33.9272422790527	33.9259796142578	39.4990348815918	2.508207321167	2.6253910064697
CENTRO6	2018/11/22	parcela 5_6	ÑIRE	200	7.2	32	116	142	RALEO	0.0928256884217262	0.0122992433607578	0.0181467160582542	0.0163354948163033	-0.0132584953680635	0.110555194318295	0.0136717818677425	0.00635713338851929	0.0849425047636032	19.3263359069824	0.0111723393201828	0.00153166998643428	0.00478937337175012	0.0130100725218654	0.00710698124021292	0.0333854816854	0.0133240297436714	0.00299836951307952	0.0114807682111859	0.502301037311554	656.596435546875	19.3263359069824	19.2034187316895	27.4128074645996	0.687118858098984	0.0848721340298653	0.0210231263190508	45.4346809387207	0.00291797379031777	0.000600439787376672	0.675104856491089	0.112224400043488	0.145311057567596	0.176661133766174	0.0373480468988419	0.0483593605458736	0.0587922111153603	31.051685333252	30.9678611755371	39.4980850219727	-6.4743995666504	-5.8590755462646
CENTRO7	2018/11/12	parcela 7_8	ÑIRE	200	7.6	8	41	41	TESTIGO	0.137172639369965	-0.00381062063388526	0.0295910611748695	0.0378975346684456	0.00306361122056842	0.0923151075839996	0.0218036975711584	-0.0220526549965143	0.114516027271748	25.8007354736328	0.0104756485670805	0.0139722907915711	0.00779689755290747	0.0185638330876827	0.0151406349614263	0.0191428549587727	0.0111798420548439	0.00906104408204556	0.00930053740739822	0.684862077236176	692.005126953125	25.8007354736328	25.0624942779541	27.4321994781494	0.713422298431397	0.0876404643058777	0.0241896752268076	36.4475631713867	0.000299342733342201	0.000301963737001643	0.239024564623833	0.103056512773037	0.133471548557282	0.162173017859459	0.0257383659482002	0.0333346128463745	0.040502555668354	36.0121917724609	35.6196746826172	39.5144157409668	6.0365810394287	5.6286315917969
CENTRO8	2018/11/12	parcela 7_8	ÑIRE	200	9.1	20	91	99	RALEO	0.156228244304657	0.013026918284595	-0.000607769703492522	0.0709684044122696	0.00333011569455266	0.0526324510574341	-0.00193861196748912	-0.0083724046126008	0.0886705666780472	19.7641544342041	0.0381039641797543	0.00514695746824145	0.0145074874162674	0.028245460242033	0.00400735717266798	0.00506513006985188	0.0047663445584476	0.00820235256105661	0.0207829996943474	1.2910099029541	691.149780273438	19.7641544342041	19.4338626861572	27.4302158355713	0.616196215152741	0.0832781940698624	0.0168374590575695	42.0316734313965	0	0	0	0.113642901182175	0.147178471088409	0.178838938474655	0.0302378535270691	0.0391607917845249	0.0475853160023689	31.7651596069336	31.5975875854492	39.5125961303711	2.0054683685303	1.7051372528076
CENTRO9	2018/11/13	parcela 9_10	ÑIRE	200	8.9	24	100	111	TESTIGO	0.0811367779970169	-0.00152478145901114	0.00750009529292584	0.0186974387615919	-0.00853731483221054	0.0527964271605015	-0.0150347510352731	-0.00259922654367983	0.0494303032755852	17.7586860656738	0.0247650798410177	0.00682920403778553	0.00982441380620003	0.00550731550902128	0.0108275972306728	0.020974662154913	0.0125507572665811	0.00313964043743908	0.016275480389595	0.681360840797424	670.334106445313	17.7586860656738	17.7287254333496	27.4163398742676	0.637682497501373	0.0899921879172325	0.0207043960690498	45.0682563781738	0.000710153370164335	0.0011022468097508	1.21569049358368	0.115796998143196	0.149943307042122	0.182273626327515	0.0240217037498951	0.0311052724719048	0.0378120020031929	30.2707405090332	30.2672939300537	39.5010108947754	1.5593357086181	2.2306299209595
CENTRO10	2018/11/13	parcela 9_10	ÑIRE	200	8	61	89	93	RALEO	0.0952979549765587	-0.0123715298250318	0.0134012205526233	0.0420496165752411	-0.0101315574720502	0.0800030678510666	-0.0206468515098095	-0.00812537223100662	0.0618117786943913	16.1993503570557	0.0258529875427485	0.00296964147128165	0.0150240529328585	0.0188856087625027	0.00110561458859593	0.0127873858436942	0.00162714440375566	0.00324160023592412	0.0292049366980791	0.194885239005089	666.855224609375	16.1993503570557	15.4980955123901	27.4161281585693	0.691835671663284	0.0743575245141983	0.024880688637495	49.9476280212402	0.00176910345908254	0.00142303563188761	0.160818889737129	0.12587571144104	0.162993431091309	0.198139399290085	0.029086722061038	0.0376637279987335	0.0457849875092506	28.2191390991211	27.810733795166	39.5008010864258	-11.9110012054443	-12.609923362732
CENTRO32	2019/03/21	parcela 31_32	ÑIRE	200	4.8	14	34	43		0.15942357480526	-0.0293827150017023	0.032409343868494	0.0576916038990021	0.00278975907713175	0.087574727833271	-0.00721198692917824	-0.0151857063174248	0.132152363657951	28.1103515625	0.0156564470380545	0.00434516789391637	0.00565568869933486	0.00339065282605588	0.00536788906902075	0.00723750190809369	0.00162194459699094	0.00176941126119345	0.0137039320543408	0.426911175251007	791.8974609375	28.1103515625	28.1080188751221	27.562967300415	0.635422587394714	0.133768424391747	0.0375540107488632	36.2551078796387	0.00495284935459495	0.00231205578893423	0.739055752754211	0.133501097559929	0.173153281211853	0.209632098674774	0.0239930469542742	0.0311194304376841	0.0376753993332386	40.5899658203125	40.5877113342285	39.6159706115723	2.7655200958252	5.7549304962158
CENTRO18	2019/01/21	parcela 17_18	ÑIRE	200	5.1	13	38	38	TESTIGO	0.195115640759468	-0.0220728889107704	0.029883274808526	0.122735917568207	-0.0374385602772236	0.0785568058490753	-0.00262207165360451	-0.000550501339603216	0.234738528728485	25.3448314666748	0.0463577769696713	0.00558398058637977	0.00537887727841735	0.0283972825855017	0.0240642391145229	0.00247707078233361	0.00283216522075236	0.00751907983794808	0.0291485879570246	1.1633403301239	796.324890136719	25.3448314666748	22.3530883789063	27.515661239624	0.721657415231069	0.133829563856125	0.0309283472597599	37.0707740783691	0	0	0	0.116579219698906	0.15113690495491	0.183181792497635	0.0279545038938522	0.0362409614026547	0.0439253300428391	35.4172973632813	33.5760269165039	39.5843887329102	25.3448314666748	22.3530883789063
